{
    "action": {
        "min": [
            -66.39586639404297,
            -100.0,
            -99.73980712890625,
            1.7123287916183472,
            -36.732025146484375,
            0.0
        ],
        "max": [
            57.23781204223633,
            69.59799194335938,
            100.0,
            100.0,
            41.80392074584961,
            88.15789794921875
        ],
        "mean": [
            -0.5471023006552302,
            -43.37364082794381,
            43.81251769774453,
            67.25176274443506,
            4.446759425892566,
            13.00384128296039
        ],
        "std": [
            20.53281442590035,
            53.47846898807692,
            50.97949989222572,
            14.430510166563318,
            10.743115838056744,
            17.16732875947194
        ],
        "count": [
            22449
        ],
        "q01": [
            -25.99068709471016,
            -98.96035219413524,
            -35.279377712878066,
            42.82119268748203,
            -5.869087050891105,
            0.8055984672052565
        ],
        "q10": [
            -21.857017602263156,
            -98.16595480065125,
            -20.38126486578735,
            50.4030470278381,
            -4.494542345082799,
            0.9636015229615001
        ],
        "q50": [
            -2.0757306554737003,
            -53.53721376895535,
            52.36042207684324,
            67.4608989466652,
            3.7302548113803367,
            4.664757741119761
        ],
        "q90": [
            24.66647475608102,
            24.273370960789755,
            92.4971020059692,
            83.39987255591048,
            15.163233083560003,
            38.991689753288334
        ],
        "q99": [
            28.498159787307646,
            32.36875131568917,
            94.21036298446381,
            90.74647762506739,
            16.689656327100458,
            44.70353528788091
        ]
    },
    "observation.state": {
        "min": [
            -66.62958526611328,
            -99.31856536865234,
            -96.457763671875,
            3.1523642539978027,
            -37.02083969116211,
            0.581771194934845
        ],
        "max": [
            56.9892463684082,
            70.18739318847656,
            99.27338409423828,
            99.474609375,
            41.90892791748047,
            87.78280639648438
        ],
        "mean": [
            -0.5318095543984319,
            -42.751337883780316,
            44.98307812670577,
            67.36713467521963,
            4.399578115093571,
            15.286440460977907
        ],
        "std": [
            20.511864959568186,
            54.116971888812365,
            50.70604522711127,
            14.27244678240255,
            10.729578440413952,
            16.038583210748428
        ],
        "count": [
            22449
        ],
        "q01": [
            -25.748607875076175,
            -98.58510021405272,
            -32.92254437039802,
            43.54363236788472,
            -5.817776617005572,
            1.0701109065596215
        ],
        "q10": [
            -21.834960011478188,
            -98.33186168943153,
            -18.813364610992846,
            50.67934576613879,
            -4.53801108401087,
            1.2638101502641006
        ],
        "q50": [
            -2.0206827566228567,
            -52.93564927905181,
            53.506306765834026,
            67.54645770949968,
            3.6813496048336156,
            12.041990491245933
        ],
        "q90": [
            24.6575122437402,
            25.994676709907175,
            93.47389390929602,
            83.3078228786754,
            15.134390569571822,
            38.07832388431538
        ],
        "q99": [
            28.368298133612793,
            32.645406437758254,
            94.58487394599852,
            90.19825700425777,
            16.60052119400264,
            44.2111845040586
        ]
    },
    "frame_index": {
        "min": [
            0
        ],
        "max": [
            448
        ],
        "mean": [
            223.9900218272529
        ],
        "std": [
            129.60907820325227
        ],
        "count": [
            22449
        ],
        "q01": [
            3.986108587366697
        ],
        "q10": [
            44.073882382208446
        ],
        "q50": [
            224.0250072965386
        ],
        "q90": [
            403.9061612722978
        ],
        "q99": [
            443.99393506713875
        ]
    },
    "task_index": {
        "min": [
            0
        ],
        "max": [
            0
        ],
        "mean": [
            0.0
        ],
        "std": [
            0.0
        ],
        "count": [
            22449
        ],
        "q01": [
            3.999999999999418e-16
        ],
        "q10": [
            3.999999999999418e-15
        ],
        "q50": [
            1.99999999999971e-14
        ],
        "q90": [
            3.599999999999474e-14
        ],
        "q99": [
            3.959999999999427e-14
        ]
    },
    "index": {
        "min": [
            0
        ],
        "max": [
            22448
        ],
        "mean": [
            11224.0
        ],
        "std": [
            6480.468090089376
        ],
        "count": [
            22449
        ],
        "q01": [
            11003.996086760115
        ],
        "q10": [
            11044.083860554958
        ],
        "q50": [
            11224.03498546929
        ],
        "q90": [
            11403.916139445042
        ],
        "q99": [
            11444.003913239885
        ]
    },
    "timestamp": {
        "min": [
            0.0
        ],
        "max": [
            14.933333333333334
        ],
        "mean": [
            7.466334060908432
        ],
        "std": [
            4.320302606775074
        ],
        "count": [
            22449
        ],
        "q01": [
            0.13287028615061028
        ],
        "q10": [
            1.4691294126626362
        ],
        "q50": [
            7.467500243217968
        ],
        "q90": [
            13.463538709154221
        ],
        "q99": [
            14.799797835666253
        ]
    },
    "episode_index": {
        "min": [
            0
        ],
        "max": [
            49
        ],
        "mean": [
            24.501091362644217
        ],
        "std": [
            14.430264620117681
        ],
        "count": [
            22449
        ],
        "q01": [
            24.501091362644217
        ],
        "q10": [
            24.50109136264422
        ],
        "q50": [
            24.50109136264422
        ],
        "q90": [
            24.501091362644253
        ],
        "q99": [
            24.501091362644253
        ]
    },
    "observation.images.top_phone": {
        "min": [
            [
                [
                    0.0
                ]
            ],
            [
                [
                    0.0
                ]
            ],
            [
                [
                    0.0
                ]
            ]
        ],
        "max": [
            [
                [
                    1.0
                ]
            ],
            [
                [
                    1.0
                ]
            ],
            [
                [
                    1.0
                ]
            ]
        ],
        "mean": [
            [
                [
                    0.6994767071078428
                ]
            ],
            [
                [
                    0.6844242869281046
                ]
            ],
            [
                [
                    0.671652037745098
                ]
            ]
        ],